{
  "project_info": {
    "project_number": "174242637372",
    "project_id": "capstone-project-de865",
    "storage_bucket": "capstone-project-de865.appspot.com"
  },
  "client": [
    {
      "client_info": {
        "mobilesdk_app_id": "1:174242637372:android:d2699728e86dad3b3f0539",
        "android_client_info": {
          "package_name": "com.detectTea"
        }
      },
      "oauth_client": [
        {
          "client_id": "174242637372-2csreq1lj12bh8grdb84oe50rj5k91qi.apps.googleusercontent.com",
          "client_type": 1,
          "android_info": {
            "package_name": "com.detectTea",
            "certificate_hash": "eced2d3fd7b9dca6c7e16c7ce7819e27c0f88b4a"
          }
        },
        {
          "client_id": "174242637372-6gmssc1ffru9ekd6u5nahs452oi8l208.apps.googleusercontent.com",
          "client_type": 3
        }
      ],
      "api_key": [
        {
          "current_key": "AIzaSyCmM4Hd7WjXGos5pRG4Y3GjRSa5k-Eobmk"
        }
      ],
      "services": {
        "appinvite_service": {
          "other_platform_oauth_client": [
            {
              "client_id": "174242637372-6gmssc1ffru9ekd6u5nahs452oi8l208.apps.googleusercontent.com",
              "client_type": 3
            }
          ]
        }
      }
    }
  ],
  "configuration_version": "1"
}